{"a000_1":51.32123454080876,"a000_10":54.48912627850514,"a000_11":43.519827603661874,"a000_12":50.652602675213224,"a000_13":43.755769018011257,"a000_14":55.201705708854512,"a000_15":53.113292249309382,"a000_16":53.971169846551234,"a000_17":54.4653429692727,"a000_18":53.568313915622483,"a000_19":54.673160117564883,"a000_2":53.563370378690976,"a000_20":54.481921050069843,"a000_3":56.671726126647485,"a000_4":49.818056839061313,"a000_5":54.341954354328486,"a000_6":55.526363962925515,"a000_7":58.933874232511869,"a000_8":60.289362010208514,"a000_9":50.243823499842037,"b000_1":49.12507105924233,"b000_10":49.422489100072895,"b000_11":28.605049057857361,"b000_12":26.039735930597015,"b000_13":16.244759380103311,"b000_14":32.714851390923847,"b000_15":58.416133765065233,"b000_16":33.10622967731431,"b000_17":51.625650402132138,"b000_18":19.961799484529287,"b000_19":36.548357034287704,"b000_2":51.681613890965636,"b000_20":39.82750687940726,"b000_3":29.155514758200187,"b000_4":43.077258573227866,"b000_5":44.064755571578161,"b000_6":42.650064805670084,"b000_7":37.720344930615006,"b000_8":44.918629027909326,"b000_9":45.346964646684455,"b001_1":35.101872717145049,"b001_10":16.72005694532179,"b001_11":23.15396508850586,"b001_12":53.255212118433008,"b001_13":14.538795731519491,"b001_14":24.431123092582098,"b001_15":29.862414450478859,"b001_16":26.539444978558098,"b001_17":19.387261239200676,"b001_18":14.896438323509336,"b001_19":23.686733365085811,"b001_2":10.768276649928207,"b001_20":25.279465102314084,"b001_3":14.231122008743291,"b001_4":19.822032200761363,"b001_5":16.914114609109212,"b001_6":37.253309224868822,"b001_7":15.0691804676148,"b001_8":12.947194291319283,"b001_9":14.265158175865498,"c000_1":30.225204934439894,"c000_10":30.764908829867817,"c000_11":30.58510783490015,"c000_12":28.292712491163879,"c000_13":29.31201741659487,"c000_14":25.868999922689557,"c000_15":25.19268483253234,"c000_16":26.773414281268391,"c000_17":26.581777788356238,"c000_18":25.540684295408763,"c000_19":24.154139689538333,"c000_2":30.69246300922056,"c000_20":42.111052425001908,"c000_3":30.946064586465486,"c000_4":29.442976631234384,"c000_5":29.955377058785274,"c000_6":27.544333975762612,"c000_7":30.330838743939129,"c000_8":25.726716528007174,"c000_9":28.686852999531915,"c001_1":27.189240373805333,"c001_10":33.875666104289614,"c001_11":36.405833399144178,"c001_12":36.405833399144178,"c001_13":34.371144685038992,"c001_14":35.5214048033469,"c001_15":33.907932198357322,"c001_16":34.869319294101722,"c001_17":33.859812960495582,"c001_18":34.920640454818489,"c001_19":34.80632936478402,"c001_2":33.622595563639663,"c001_20":35.014693320834631,"c001_3":32.921477033453741,"c001_4":34.687562194068619,"c001_5":32.415321202347222,"c001_6":32.415321202347222,"c001_7":32.337727938796071,"c001_8":35.379909989893655,"c001_9":35.379909989893655,"c002_1":61.414166836152823,"c002_10":60.053867976376516,"c002_11":59.980611136715879,"c002_12":59.980611136715879,"c002_13":60.165823138616716,"c002_14":63.559411752930131,"c002_15":58.368329514452604,"c002_16":58.325594412444971,"c002_17":61.112517575226384,"c002_18":57.531169442155651,"c002_19":55.915053554054033,"c002_2":60.09050775570185,"c002_20":58.612529965756515,"c002_3":61.656694299310729,"c002_4":62.044378769157078,"c002_5":61.578182887066674,"c002_6":60.23909555708628,"c002_7":60.23909555708628,"c002_8":61.8908805149281,"c002_9":57.14133808764484,"c003_1":60.5446254050813,"c003_10":38.607844774227431,"c003_11":41.351090109315436,"c003_12":46.308762341315841,"c003_13":42.297834473569829,"c003_14":62.8963495603424,"c003_15":18.531080825366082,"c003_16":20.021808405617541,"c003_17":40.921555681510632,"c003_18":73.991475957965719,"c003_19":45.583049732791864,"c003_2":44.520479215784846,"c003_20":54.952309129108329,"c003_3":58.465099829450125,"c003_4":50.014240456253937,"c003_5":46.958302666683984,"c003_6":26.467688062246381,"c003_7":46.870703858974331,"c003_8":40.56727995840572,"c003_9":53.749773380644037,"c004_1":46.44050594094999,"c004_10":23.781032490110768,"c004_11":37.10669871903076,"c004_12":37.646851170400041,"c004_13":36.421888331528258,"c004_14":41.562903194091959,"c004_15":32.204111153184563,"c004_16":38.329258560212139,"c004_17":41.948312212901342,"c004_18":90.694300209518133,"c004_19":94.428365416608372,"c004_2":58.65840341520628,"c004_20":47.262768055283061,"c004_3":56.791203397785878,"c004_4":58.857070260946259,"c004_5":48.494996721997417,"c004_6":55.266018868340538,"c004_7":60.904249819010673,"c004_8":40.769942809242373,"c004_9":44.514675202311921,"d000_1":36.741272712970883,"d000_10":37.539067805089779,"d000_11":37.68480803370209,"d000_12":36.179597162622159,"d000_13":37.129196330833352,"d000_14":35.00383412949094,"d000_15":34.849628275879489,"d000_16":31.852915456268953,"d000_17":27.531443312246537,"d000_18":33.688211922261814,"d000_19":13.380782926767711,"d000_2":28.514510272321765,"d000_20":40.661819387051871,"d000_3":32.102089364146323,"d000_4":37.592321999075239,"d000_5":38.763455481534038,"d000_6":38.677717830735354,"d000_7":37.110155025779314,"d000_8":27.050148729097121,"d000_9":14.970014566972257,"d001_1":31.845891315838735,"d001_10":48.735658721042633,"d001_11":58.110513554660315,"d001_12":23.214838160343596,"d001_13":50.268362051541992,"d001_14":9.3751660804275829,"d001_15":9.7456433524846755,"d001_16":18.951697462506573,"d001_17":9.5870705143322414,"d001_18":31.032020078176821,"d001_19":33.47632643540193,"d001_2":37.441329524409809,"d001_20":42.538072364996367,"d001_3":49.567793039781122,"d001_4":17.287630441443724,"d001_5":23.331415384157978,"d001_6":23.722924870859789,"d001_7":31.435380514871813,"d001_8":15.129190317247591,"d001_9":14.498173973795607,"d002_1":46.883246348128871,"d002_10":38.463003740833933,"d002_11":50.3196301185702,"d002_12":59.629934567920152,"d002_13":58.578818538452126,"d002_14":35.894002008813374,"d002_15":44.392183593360905,"d002_16":36.315408690804773,"d002_17":38.044768977048072,"d002_18":33.158223658078249,"d002_19":33.802795472748571,"d002_2":46.574899364900453,"d002_20":42.582378916768327,"d002_3":46.898429849042564,"d002_4":39.719989500518622,"d002_5":29.631183726370786,"d002_6":36.405551777887048,"d002_7":28.299225350094392,"d002_8":45.787065001190911,"d002_9":63.52702526370215,"f000_1":40.351840396662936,"f000_10":49.935524518612134,"f000_11":51.382103910803487,"f000_12":34.120153114571259,"f000_13":47.869148924282932,"f000_14":29.058459792264557,"f000_15":42.541443599271005,"f000_16":42.487918876072769,"f000_17":47.992253000896675,"f000_18":37.211360984039374,"f000_19":43.519392506899173,"f000_2":42.099972674622535,"f000_20":32.732406698147891,"f000_3":42.68703194235411,"f000_4":41.954771834739041,"f000_5":65.599669252178643,"f000_6":52.665176263480795,"f000_7":30.701844744692128,"f000_8":37.991410982876609,"f000_9":44.4242890181975,"f001_1":46.064782606748906,"f001_10":31.940323795820891,"f001_11":39.22102071979829,"f001_12":43.0547299715468,"f001_13":40.170512865304914,"f001_14":38.693050207047307,"f001_15":29.227517176521435,"f001_16":29.432930409745381,"f001_17":43.1035535854627,"f001_18":72.01091785352105,"f001_19":47.344749206440333,"f001_2":58.266188974808088,"f001_20":74.518978279121868,"f001_3":41.503127932568006,"f001_4":42.961874768959923,"f001_5":43.597674522246862,"f001_6":38.197151324144528,"f001_7":24.474887999891344,"f001_8":51.639212673823742,"f001_9":40.216150282322445,"h000_1":28.344879211131794,"h000_10":23.460422808515521,"h000_11":21.646944068338968,"h000_12":45.568942184641259,"h000_13":34.639631974957851,"h000_14":41.919319571458658,"h000_15":26.319332751811782,"h000_16":19.594275873466412,"h000_17":40.4529835635947,"h000_18":30.258938098234761,"h000_19":39.976172221927293,"h000_2":46.690578740623806,"h000_20":36.28121795965793,"h000_3":44.201577926238222,"h000_4":26.23046497196621,"h000_5":39.224104344083841,"h000_6":35.709794465927345,"h000_7":30.463657540881393,"h000_8":28.692766238790988,"h000_9":41.452502075771889,"h001_1":38.794667325525573,